id;nombre
1;Terminal Terrestre Quitumbe
2;CENTRO DE ESTIMULACION TEMPRANA CRECER  
3;Centro Especializado En Cuidado Integral Terapeutico. 
4;Tareas Dirigidas Estimulacion Temprana 
5;Swimmer Kids 
6;Bosque Magico 
7;Kinderland Centro de Desarrollo Infantil 
8;CDI GENTE MENUDA
9;Centro Infantil Gardner 
10;Centro Infantil Baby Corner
11;Centro Infantil Live Happy Days 
12;Crayones y Colores Centro de Desarrollo Infantil  
13;Centro infantil Smiling 
14;Centro de Estimulacion Terapeutico Integral 
15;Neurokids  Estimulacion temprana y terapias de aprendizaje 
16;Baby Lion Centro Infantil 
17;Centro De Desarrollo Infantil Aprendiendo a Crecer 
18;CENTRO DE ESTIMULACION INTEGRAL KIKITINES 
19;Chiquitines en Accion 
20;Babys Gym Estimulacion Temprana Quito
