id;nombre
1;Terminal Terrestre Quitumbe
2;Centro Medico Integral
3;Centro Medico Del Sur
4;Dr. Orlando Suarez 
5;Centro Medico Renacer
6;Centro M�dico YippyMedic
7;Centro Medico Pablo Munoz Vega
8;Centro Medico y Dental San Jorge
9;Centro de Salud de Tumbaco
10;Consultorios Medicos Pichincha
11;Centro Medico Familiar Integral
12;Red Medica
13;Centro De Salud Numero 2
14;Mlife Grupo Medico
15;Citimed Centro Medico
16;Asistanet SA
17;Centro De Salud Playa Rica
18;Centro M�dico Integral AXXIS
19;CENDIAVIA
20;Avantmed Matriz Shyris
21;Centro Medico Infanto Juvenil
22;Centro De Salud San Carlos 
23;Centro Medico Popular San Carlos
