id;nombre
1;Escuela Fiscal Mixta Estados Unidos
2;Escuela de Arte Quite�o
3;Escuela de Pilotos West
4;Colegio SEK de los Valles
5;Colegio: Unidad Educativa Bilingue Computer World Tumbaco  
6;Colegio Europeo Pachamama
7;Colegio San Gabriel
8;Unidad Educativa Municipal Sebastian de Benalcazar
9;Escuela San Francisco de Quito
10;Colegio Rudolf Steiner Quito
11;Colegio Becquerel
12;Victoria Bilingual
13;Liceo Internacional
14;Liceo Hontanar
15;Escuela Republica de Italia
16;Colegio Julio Verne
17;Saint Patrick School
18;Escuela de Educacion Basica Canada
19;Colegio Americano de Quito
20;Terminal Terrestre Quitumbe
