id;nombre
1;Aeropuerto Internacional Mariscal Sucre 
2;rutaviva 
3;Parque La Carolina 
4;La Capilla del Hombre  
5;Jardin Botanico de Quito 
6;Plaza Foch 
7;Vulqano Park
8;Centro de Arte Contemporaneo de Quito
9;Plaza Grande
10;Teleferico Quito
11;Palacio Arzobispal
12;Palacio de Carondelet
13;Museo Alberto Mena Caamano Eugenio Espejo
14;Centro Cultural Metropolitano
15;Catedral Metropolitana de Quito
16;Iglesia de la Companiaa de Jesus
17;Fundacion Iglesia de la Compania de Jesus 
18;Iglesia de San Francisco
19;Museo de Arte Precolombino Casa del Alabado
20;Museo de la Ciudad Garcia Moreno
21;Arco de la Reina Garcia Moreno
22;Calle La Ronda Venezuela 
23;Iglesia de Santo Domingo
24;La Casona de la Ronda Hotel
25;Terminal Terrestre Quitumbe
